crop_size,accuracy,params,time
20,48.9,24978442,610.588173866272
24,85.93,24978442,612.7908675670624
28,87.75,24978442,615.4116144180298
32,88.24,24978442,620.7543432712555
36,86.99,24978442,708.1294083595276
